timestamp,metric
1769729722.2597249,"{'user': 2.34375, 'system': 2.0833333333333335, 'idle': 95.57291666666667, 'nice': 0.0, 'iowait': 0.0, 'irq': 0.0, 'softirq': 0.0, 'steal': 0.0}"
1769729723.2598412,"{'user': 3.3854166666666665, 'system': 2.9947916666666665, 'idle': 93.61979166666667, 'nice': 0.0, 'iowait': 0.0, 'irq': 0.0, 'softirq': 0.0, 'steal': 0.0}"
1769729724.2599406,"{'user': 1.0416666667475107, 'system': 1.0416666667475107, 'idle': 97.91666666650498, 'nice': 0.0, 'iowait': 0.0, 'irq': 0.0, 'softirq': 0.0, 'steal': 0.0}"
1769729725.260545,"{'user': 1.4322916666666667, 'system': 1.8229166666666667, 'idle': 96.74479166666667, 'nice': 0.0, 'iowait': 0.0, 'irq': 0.0, 'softirq': 0.0, 'steal': 0.0}"
1769729726.2609525,"{'user': 2.2135416666666665, 'system': 2.0833333333333335, 'idle': 95.703125, 'nice': 0.0, 'iowait': 0.0, 'irq': 0.0, 'softirq': 0.0, 'steal': 0.0}"
1769729727.2611651,"{'user': 0.9114583333333334, 'system': 1.3020833333333333, 'idle': 97.78645833333333, 'nice': 0.0, 'iowait': 0.0, 'irq': 0.0, 'softirq': 0.0, 'steal': 0.0}"
1769729728.2612705,"{'user': 0.6510416666666666, 'system': 1.6927083333333333, 'idle': 97.65625, 'nice': 0.0, 'iowait': 0.0, 'irq': 0.0, 'softirq': 0.0, 'steal': 0.0}"
1769729729.2614315,"{'user': 1.171875, 'system': 2.734375, 'idle': 96.09375, 'nice': 0.0, 'iowait': 0.0, 'irq': 0.0, 'softirq': 0.0, 'steal': 0.0}"
1769729730.262486,"{'user': 4.296875, 'system': 3.515625, 'idle': 92.1875, 'nice': 0.0, 'iowait': 0.0, 'irq': 0.0, 'softirq': 0.0, 'steal': 0.0}"
1769729731.2628338,"{'user': 2.5974025974025974, 'system': 2.5974025974025974, 'idle': 94.8051948051948, 'nice': 0.0, 'iowait': 0.0, 'irq': 0.0, 'softirq': 0.0, 'steal': 0.0}"
1769729732.2633207,"{'user': 0.390625, 'system': 1.0416666666666667, 'idle': 98.56770833333333, 'nice': 0.0, 'iowait': 0.0, 'irq': 0.0, 'softirq': 0.0, 'steal': 0.0}"
1769729733.2638106,"{'user': 1.297016861219196, 'system': 1.1673151750972763, 'idle': 97.53566796368352, 'nice': 0.0, 'iowait': 0.0, 'irq': 0.0, 'softirq': 0.0, 'steal': 0.0}"
1769729734.264279,"{'user': 0.78125, 'system': 1.953125, 'idle': 97.265625, 'nice': 0.0, 'iowait': 0.0, 'irq': 0.0, 'softirq': 0.0, 'steal': 0.0}"
1769729735.2652934,"{'user': 1.2903225806451613, 'system': 2.193548387096774, 'idle': 96.51612903225806, 'nice': 0.0, 'iowait': 0.0, 'irq': 0.0, 'softirq': 0.0, 'steal': 0.0}"
1769729736.2663252,"{'user': 1.174934725848564, 'system': 1.566579634464752, 'idle': 97.25848563968668, 'nice': 0.0, 'iowait': 0.0, 'irq': 0.0, 'softirq': 0.0, 'steal': 0.0}"
1769729737.266554,"{'user': 3.125, 'system': 2.2135416666666665, 'idle': 94.66145833333333, 'nice': 0.0, 'iowait': 0.0, 'irq': 0.0, 'softirq': 0.0, 'steal': 0.0}"
1769729738.2676678,"{'user': 0.9114583333333334, 'system': 1.953125, 'idle': 97.13541666666667, 'nice': 0.0, 'iowait': 0.0, 'irq': 0.0, 'softirq': 0.0, 'steal': 0.0}"
1769729739.2683327,"{'user': 0.7802340702210663, 'system': 2.4707412223667102, 'idle': 96.74902470741222, 'nice': 0.0, 'iowait': 0.0, 'irq': 0.0, 'softirq': 0.0, 'steal': 0.0}"
1769729740.2692196,"{'user': 0.7802340702210663, 'system': 1.4304291287386215, 'idle': 97.7893368010403, 'nice': 0.0, 'iowait': 0.0, 'irq': 0.0, 'softirq': 0.0, 'steal': 0.0}"
1769729741.2693372,"{'user': 2.8683181225554106, 'system': 2.7379400260756195, 'idle': 94.39374185136897, 'nice': 0.0, 'iowait': 0.0, 'irq': 0.0, 'softirq': 0.0, 'steal': 0.0}"
1769729742.2703927,"{'user': 1.1703511053315996, 'system': 1.3003901170351104, 'idle': 97.52925877763329, 'nice': 0.0, 'iowait': 0.0, 'irq': 0.0, 'softirq': 0.0, 'steal': 0.0}"
1769729743.270528,"{'user': 0.651890482398957, 'system': 2.0860495436766624, 'idle': 97.26205997392438, 'nice': 0.0, 'iowait': 0.0, 'irq': 0.0, 'softirq': 0.0, 'steal': 0.0}"
1769729744.2712462,"{'user': 0.9102730819245773, 'system': 1.3003901170351104, 'idle': 97.7893368010403, 'nice': 0.0, 'iowait': 0.0, 'irq': 0.0, 'softirq': 0.0, 'steal': 0.0}"
1769729745.2717614,"{'user': 1.6927083333333333, 'system': 1.5625, 'idle': 96.74479166666667, 'nice': 0.0, 'iowait': 0.0, 'irq': 0.0, 'softirq': 0.0, 'steal': 0.0}"
1769729746.2725413,"{'user': 1.4322916666666667, 'system': 1.171875, 'idle': 97.39583333333333, 'nice': 0.0, 'iowait': 0.0, 'irq': 0.0, 'softirq': 0.0, 'steal': 0.0}"
1769729747.2729955,"{'user': 0.5215123859191656, 'system': 1.303780964797914, 'idle': 98.17470664928292, 'nice': 0.0, 'iowait': 0.0, 'irq': 0.0, 'softirq': 0.0, 'steal': 0.0}"
1769729748.273178,"{'user': 5.851755526657997, 'system': 3.3810143042912872, 'idle': 90.76723016905072, 'nice': 0.0, 'iowait': 0.0, 'irq': 0.0, 'softirq': 0.0, 'steal': 0.0}"
1769729749.2734444,"{'user': 5.859375, 'system': 4.166666666666667, 'idle': 89.97395833333333, 'nice': 0.0, 'iowait': 0.0, 'irq': 0.0, 'softirq': 0.0, 'steal': 0.0}"
1769729750.2736654,"{'user': 8.723958333333334, 'system': 2.2135416666666665, 'idle': 89.0625, 'nice': 0.0, 'iowait': 0.0, 'irq': 0.0, 'softirq': 0.0, 'steal': 0.0}"
1769729751.2741354,"{'user': 7.170795306388527, 'system': 1.4341590612777053, 'idle': 91.39504563233376, 'nice': 0.0, 'iowait': 0.0, 'irq': 0.0, 'softirq': 0.0, 'steal': 0.0}"
1769729752.274379,"{'user': 3.3810143042912872, 'system': 4.421326397919376, 'idle': 92.19765929778934, 'nice': 0.0, 'iowait': 0.0, 'irq': 0.0, 'softirq': 0.0, 'steal': 0.0}"
1769729753.2745001,"{'user': 7.682291666666667, 'system': 4.036458333333333, 'idle': 88.28125, 'nice': 0.0, 'iowait': 0.0, 'irq': 0.0, 'softirq': 0.0, 'steal': 0.0}"
1769729754.2752292,"{'user': 2.34375, 'system': 2.34375, 'idle': 95.3125, 'nice': 0.0, 'iowait': 0.0, 'irq': 0.0, 'softirq': 0.0, 'steal': 0.0}"
1769729755.2762966,"{'user': 7.552083333333333, 'system': 2.9947916666666665, 'idle': 89.453125, 'nice': 0.0, 'iowait': 0.0, 'irq': 0.0, 'softirq': 0.0, 'steal': 0.0}"
1769729756.276719,"{'user': 7.161458333333333, 'system': 1.953125, 'idle': 90.88541666666667, 'nice': 0.0, 'iowait': 0.0, 'irq': 0.0, 'softirq': 0.0, 'steal': 0.0}"
1769729757.2772868,"{'user': 2.734375, 'system': 2.2135416666666665, 'idle': 95.05208333333333, 'nice': 0.0, 'iowait': 0.0, 'irq': 0.0, 'softirq': 0.0, 'steal': 0.0}"
1769729758.278288,"{'user': 8.181818181818182, 'system': 3.5064935064935066, 'idle': 88.31168831168831, 'nice': 0.0, 'iowait': 0.0, 'irq': 0.0, 'softirq': 0.0, 'steal': 0.0}"
1769729759.2792802,"{'user': 0.6459948320413437, 'system': 2.9715762273901807, 'idle': 96.38242894056847, 'nice': 0.0, 'iowait': 0.0, 'irq': 0.0, 'softirq': 0.0, 'steal': 0.0}"
1769729760.2802615,"{'user': 2.730819245773732, 'system': 1.6905071521456436, 'idle': 95.57867360208063, 'nice': 0.0, 'iowait': 0.0, 'irq': 0.0, 'softirq': 0.0, 'steal': 0.0}"
1769729761.2808108,"{'user': 2.8534370944616367, 'system': 2.2049286716329966, 'idle': 94.94163423390536, 'nice': 0.0, 'iowait': 0.0, 'irq': 0.0, 'softirq': 0.0, 'steal': 0.0}"
1769729762.2812576,"{'user': 3.4031413612565444, 'system': 1.4397905759162304, 'idle': 95.15706806282722, 'nice': 0.0, 'iowait': 0.0, 'irq': 0.0, 'softirq': 0.0, 'steal': 0.0}"
1769729763.2814276,"{'user': 1.8134715025906736, 'system': 2.7202072538860103, 'idle': 95.46632124352331, 'nice': 0.0, 'iowait': 0.0, 'irq': 0.0, 'softirq': 0.0, 'steal': 0.0}"
1769729764.282541,"{'user': 8.072916666666666, 'system': 5.859375, 'idle': 86.06770833333333, 'nice': 0.0, 'iowait': 0.0, 'irq': 0.0, 'softirq': 0.0, 'steal': 0.0}"
1769729765.2831998,"{'user': 4.041720990873533, 'system': 3.911342894393742, 'idle': 92.04693611473273, 'nice': 0.0, 'iowait': 0.0, 'irq': 0.0, 'softirq': 0.0, 'steal': 0.0}"
1769729766.2840395,"{'user': 8.45253576072822, 'system': 1.0403120936280885, 'idle': 90.50715214564369, 'nice': 0.0, 'iowait': 0.0, 'irq': 0.0, 'softirq': 0.0, 'steal': 0.0}"
1769729767.2850275,"{'user': 7.942708333333333, 'system': 2.0833333333333335, 'idle': 89.97395833333333, 'nice': 0.0, 'iowait': 0.0, 'irq': 0.0, 'softirq': 0.0, 'steal': 0.0}"
1769729768.2851634,"{'user': 3.3854166666666665, 'system': 1.6927083333333333, 'idle': 94.921875, 'nice': 0.0, 'iowait': 0.0, 'irq': 0.0, 'softirq': 0.0, 'steal': 0.0}"
1769729769.285303,"{'user': 5.3524804177545695, 'system': 4.308093994778068, 'idle': 90.33942558746736, 'nice': 0.0, 'iowait': 0.0, 'irq': 0.0, 'softirq': 0.0, 'steal': 0.0}"
1769729770.2854266,"{'user': 2.4675324675324677, 'system': 1.2987012987012987, 'idle': 96.23376623376623, 'nice': 0.0, 'iowait': 0.0, 'irq': 0.0, 'softirq': 0.0, 'steal': 0.0}"
1769729771.2860236,"{'user': 1.0416666666666667, 'system': 1.0416666666666667, 'idle': 97.91666666666667, 'nice': 0.0, 'iowait': 0.0, 'irq': 0.0, 'softirq': 0.0, 'steal': 0.0}"
1769729772.2870157,"{'user': 2.480417754569191, 'system': 2.088772845953003, 'idle': 95.43080939947781, 'nice': 0.0, 'iowait': 0.0, 'irq': 0.0, 'softirq': 0.0, 'steal': 0.0}"
1769729773.2872088,"{'user': 2.0779220779220777, 'system': 2.0779220779220777, 'idle': 95.84415584415585, 'nice': 0.0, 'iowait': 0.0, 'irq': 0.0, 'softirq': 0.0, 'steal': 0.0}"
1769729774.287879,"{'user': 6.119791666666667, 'system': 1.953125, 'idle': 91.92708333333333, 'nice': 0.0, 'iowait': 0.0, 'irq': 0.0, 'softirq': 0.0, 'steal': 0.0}"
1769729775.288962,"{'user': 1.5625, 'system': 0.9114583333333334, 'idle': 97.52604166666667, 'nice': 0.0, 'iowait': 0.0, 'irq': 0.0, 'softirq': 0.0, 'steal': 0.0}"
1769729776.290162,"{'user': 3.0026109660574414, 'system': 2.6109660574412534, 'idle': 94.38642297650131, 'nice': 0.0, 'iowait': 0.0, 'irq': 0.0, 'softirq': 0.0, 'steal': 0.0}"
1769729777.2906413,"{'user': 7.142857142857143, 'system': 2.3376623376623376, 'idle': 90.51948051948052, 'nice': 0.0, 'iowait': 0.0, 'irq': 0.0, 'softirq': 0.0, 'steal': 0.0}"
1769729778.2911532,"{'user': 1.953125, 'system': 1.5625, 'idle': 96.484375, 'nice': 0.0, 'iowait': 0.0, 'irq': 0.0, 'softirq': 0.0, 'steal': 0.0}"
1769729779.292143,"{'user': 1.6927083333333333, 'system': 4.166666666666667, 'idle': 94.140625, 'nice': 0.0, 'iowait': 0.0, 'irq': 0.0, 'softirq': 0.0, 'steal': 0.0}"
1769729780.2922592,"{'user': 2.2135416666666665, 'system': 1.4322916666666667, 'idle': 96.35416666666667, 'nice': 0.0, 'iowait': 0.0, 'irq': 0.0, 'softirq': 0.0, 'steal': 0.0}"
1769729781.2933874,"{'user': 4.427083333333333, 'system': 4.166666666666667, 'idle': 91.40625, 'nice': 0.0, 'iowait': 0.0, 'irq': 0.0, 'softirq': 0.0, 'steal': 0.0}"
1769729782.2939513,"{'user': 0.5194805194805194, 'system': 1.1688311688311688, 'idle': 98.31168831168831, 'nice': 0.0, 'iowait': 0.0, 'irq': 0.0, 'softirq': 0.0, 'steal': 0.0}"
1769729783.29409,"{'user': 10.026041666666666, 'system': 3.90625, 'idle': 86.06770833333333, 'nice': 0.0, 'iowait': 0.0, 'irq': 0.0, 'softirq': 0.0, 'steal': 0.0}"
1769729784.2951114,"{'user': 2.069857697283312, 'system': 3.4928848641655885, 'idle': 94.4372574385511, 'nice': 0.0, 'iowait': 0.0, 'irq': 0.0, 'softirq': 0.0, 'steal': 0.0}"
1769729785.2952535,"{'user': 3.0144167758846656, 'system': 2.8833551769331587, 'idle': 94.10222804718218, 'nice': 0.0, 'iowait': 0.0, 'irq': 0.0, 'softirq': 0.0, 'steal': 0.0}"
1769729786.295712,"{'user': 2.3136246786632393, 'system': 1.7994858611825193, 'idle': 95.88688946015424, 'nice': 0.0, 'iowait': 0.0, 'irq': 0.0, 'softirq': 0.0, 'steal': 0.0}"
1769729787.2966228,"{'user': 3.4120734908136483, 'system': 1.7060367454068242, 'idle': 94.88188976377953, 'nice': 0.0, 'iowait': 0.0, 'irq': 0.0, 'softirq': 0.0, 'steal': 0.0}"
1769729788.2970357,"{'user': 2.3529411764705883, 'system': 1.3071895424836601, 'idle': 96.33986928104575, 'nice': 0.0, 'iowait': 0.0, 'irq': 0.0, 'softirq': 0.0, 'steal': 0.0}"
1769729789.298141,"{'user': 2.7027027027027026, 'system': 4.504504504504505, 'idle': 92.7927927927928, 'nice': 0.0, 'iowait': 0.0, 'irq': 0.0, 'softirq': 0.0, 'steal': 0.0}"
1769729790.2991378,"{'user': 11.71875, 'system': 2.0833333333333335, 'idle': 86.19791666666667, 'nice': 0.0, 'iowait': 0.0, 'irq': 0.0, 'softirq': 0.0, 'steal': 0.0}"
1769729791.300025,"{'user': 4.6875, 'system': 3.3854166666666665, 'idle': 91.92708333333333, 'nice': 0.0, 'iowait': 0.0, 'irq': 0.0, 'softirq': 0.0, 'steal': 0.0}"
1769729792.301546,"{'user': 3.926701570680628, 'system': 2.486910994764398, 'idle': 93.58638743455498, 'nice': 0.0, 'iowait': 0.0, 'irq': 0.0, 'softirq': 0.0, 'steal': 0.0}"
1769729793.3025546,"{'user': 0.7772020725388601, 'system': 2.0725388601036268, 'idle': 97.15025906735751, 'nice': 0.0, 'iowait': 0.0, 'irq': 0.0, 'softirq': 0.0, 'steal': 0.0}"
1769729794.302838,"{'user': 1.6971279373368147, 'system': 1.8276762402088773, 'idle': 96.47519582245431, 'nice': 0.0, 'iowait': 0.0, 'irq': 0.0, 'softirq': 0.0, 'steal': 0.0}"
1769729795.3029952,"{'user': 1.6883116883116882, 'system': 1.1688311688311688, 'idle': 97.14285714285714, 'nice': 0.0, 'iowait': 0.0, 'irq': 0.0, 'softirq': 0.0, 'steal': 0.0}"
1769729796.3041291,"{'user': 1.5625, 'system': 1.5625, 'idle': 96.875, 'nice': 0.0, 'iowait': 0.0, 'irq': 0.0, 'softirq': 0.0, 'steal': 0.0}"
1769729797.304334,"{'user': 2.9947916666666665, 'system': 1.5625, 'idle': 95.44270833333333, 'nice': 0.0, 'iowait': 0.0, 'irq': 0.0, 'softirq': 0.0, 'steal': 0.0}"
1769729798.305351,"{'user': 6.380208333333333, 'system': 2.734375, 'idle': 90.88541666666667, 'nice': 0.0, 'iowait': 0.0, 'irq': 0.0, 'softirq': 0.0, 'steal': 0.0}"
1769729799.30549,"{'user': 0.9150326797385621, 'system': 2.0915032679738563, 'idle': 96.99346405228758, 'nice': 0.0, 'iowait': 0.0, 'irq': 0.0, 'softirq': 0.0, 'steal': 0.0}"
1769729800.3063996,"{'user': 1.8158236057068742, 'system': 1.4267185396102926, 'idle': 96.75745785468283, 'nice': 0.0, 'iowait': 0.0, 'irq': 0.0, 'softirq': 0.0, 'steal': 0.0}"
1769729801.3072307,"{'user': 1.3020833333333333, 'system': 1.8229166666666667, 'idle': 96.875, 'nice': 0.0, 'iowait': 0.0, 'irq': 0.0, 'softirq': 0.0, 'steal': 0.0}"
1769729802.308081,"{'user': 2.0833333333333335, 'system': 2.4739583333333335, 'idle': 95.44270833333333, 'nice': 0.0, 'iowait': 0.0, 'irq': 0.0, 'softirq': 0.0, 'steal': 0.0}"
1769729803.308962,"{'user': 1.8229166666666667, 'system': 1.5625, 'idle': 96.61458333333333, 'nice': 0.0, 'iowait': 0.0, 'irq': 0.0, 'softirq': 0.0, 'steal': 0.0}"
1769729804.3098783,"{'user': 4.66321243523316, 'system': 5.4404145077720205, 'idle': 89.89637305699482, 'nice': 0.0, 'iowait': 0.0, 'irq': 0.0, 'softirq': 0.0, 'steal': 0.0}"
1769729805.3108375,"{'user': 10.12987012987013, 'system': 5.8441558441558445, 'idle': 84.02597402597402, 'nice': 0.0, 'iowait': 0.0, 'irq': 0.0, 'softirq': 0.0, 'steal': 0.0}"
1769729806.3113384,"{'user': 2.3255813953488373, 'system': 1.421188630490956, 'idle': 96.2532299741602, 'nice': 0.0, 'iowait': 0.0, 'irq': 0.0, 'softirq': 0.0, 'steal': 0.0}"
1769729807.312795,"{'user': 0.7894736842105263, 'system': 1.0526315789473684, 'idle': 98.15789473684211, 'nice': 0.0, 'iowait': 0.0, 'irq': 0.0, 'softirq': 0.0, 'steal': 0.0}"
1769729808.3134322,"{'user': 2.730819245773732, 'system': 2.080624187256177, 'idle': 95.18855656697009, 'nice': 0.0, 'iowait': 0.0, 'irq': 0.0, 'softirq': 0.0, 'steal': 0.0}"
1769729809.3142424,"{'user': 3.4838709677419355, 'system': 4.516129032258065, 'idle': 92.0, 'nice': 0.0, 'iowait': 0.0, 'irq': 0.0, 'softirq': 0.0, 'steal': 0.0}"
1769729810.3145878,"{'user': 0.9114583333333334, 'system': 1.6927083333333333, 'idle': 97.39583333333333, 'nice': 0.0, 'iowait': 0.0, 'irq': 0.0, 'softirq': 0.0, 'steal': 0.0}"
1769729811.3148665,"{'user': 1.9607843137254901, 'system': 2.0915032679738563, 'idle': 95.94771241830065, 'nice': 0.0, 'iowait': 0.0, 'irq': 0.0, 'softirq': 0.0, 'steal': 0.0}"
1769729812.3154602,"{'user': 5.721716514954486, 'system': 2.730819245773732, 'idle': 91.54746423927178, 'nice': 0.0, 'iowait': 0.0, 'irq': 0.0, 'softirq': 0.0, 'steal': 0.0}"
1769729813.315694,"{'user': 3.2467532467532467, 'system': 1.2987012987012987, 'idle': 95.45454545454545, 'nice': 0.0, 'iowait': 0.0, 'irq': 0.0, 'softirq': 0.0, 'steal': 0.0}"
1769729814.3163364,"{'user': 16.297262059973924, 'system': 2.346805736636245, 'idle': 81.35593220338983, 'nice': 0.0, 'iowait': 0.0, 'irq': 0.0, 'softirq': 0.0, 'steal': 0.0}"
1769729815.316702,"{'user': 6.901041666666667, 'system': 3.6458333333333335, 'idle': 89.453125, 'nice': 0.0, 'iowait': 0.0, 'irq': 0.0, 'softirq': 0.0, 'steal': 0.0}"
1769729816.317059,"{'user': 8.062418725617686, 'system': 2.4707412223667102, 'idle': 89.4668400520156, 'nice': 0.0, 'iowait': 0.0, 'irq': 0.0, 'softirq': 0.0, 'steal': 0.0}"
1769729817.3177447,"{'user': 9.375, 'system': 5.859375, 'idle': 84.765625, 'nice': 0.0, 'iowait': 0.0, 'irq': 0.0, 'softirq': 0.0, 'steal': 0.0}"
1769729818.3184469,"{'user': 7.8125, 'system': 2.0833333333333335, 'idle': 90.10416666666667, 'nice': 0.0, 'iowait': 0.0, 'irq': 0.0, 'softirq': 0.0, 'steal': 0.0}"
1769729819.3185487,"{'user': 4.057591623036649, 'system': 4.5811518324607325, 'idle': 91.36125654450262, 'nice': 0.0, 'iowait': 0.0, 'irq': 0.0, 'softirq': 0.0, 'steal': 0.0}"
1769729820.318689,"{'user': 2.2020725388601035, 'system': 1.6839378238341969, 'idle': 96.11398963730569, 'nice': 0.0, 'iowait': 0.0, 'irq': 0.0, 'softirq': 0.0, 'steal': 0.0}"
1769729821.3192122,"{'user': 12.890625, 'system': 4.427083333333333, 'idle': 82.68229166666667, 'nice': 0.0, 'iowait': 0.0, 'irq': 0.0, 'softirq': 0.0, 'steal': 0.0}"
1769729822.3201637,"{'user': 9.114583333333334, 'system': 4.6875, 'idle': 86.19791666666667, 'nice': 0.0, 'iowait': 0.0, 'irq': 0.0, 'softirq': 0.0, 'steal': 0.0}"
1769729823.3206785,"{'user': 6.119791666666667, 'system': 3.125, 'idle': 90.75520833333333, 'nice': 0.0, 'iowait': 0.0, 'irq': 0.0, 'softirq': 0.0, 'steal': 0.0}"
1769729824.3212059,"{'user': 7.161458333333333, 'system': 6.119791666666667, 'idle': 86.71875, 'nice': 0.0, 'iowait': 0.0, 'irq': 0.0, 'softirq': 0.0, 'steal': 0.0}"
1769729825.3218157,"{'user': 21.744791666666668, 'system': 5.208333333333333, 'idle': 73.046875, 'nice': 0.0, 'iowait': 0.0, 'irq': 0.0, 'softirq': 0.0, 'steal': 0.0}"
1769729826.3221874,"{'user': 6.25, 'system': 4.166666666666667, 'idle': 89.58333333333333, 'nice': 0.0, 'iowait': 0.0, 'irq': 0.0, 'softirq': 0.0, 'steal': 0.0}"
1769729827.3230793,"{'user': 11.588541666666666, 'system': 3.6458333333333335, 'idle': 84.765625, 'nice': 0.0, 'iowait': 0.0, 'irq': 0.0, 'softirq': 0.0, 'steal': 0.0}"
1769729828.323207,"{'user': 4.036458333333333, 'system': 2.34375, 'idle': 93.61979166666667, 'nice': 0.0, 'iowait': 0.0, 'irq': 0.0, 'softirq': 0.0, 'steal': 0.0}"
1769729829.3235772,"{'user': 1.4322916666666667, 'system': 3.3854166666666665, 'idle': 95.18229166666667, 'nice': 0.0, 'iowait': 0.0, 'irq': 0.0, 'softirq': 0.0, 'steal': 0.0}"
1769729830.3239954,"{'user': 11.848958333333334, 'system': 7.421875, 'idle': 80.72916666666667, 'nice': 0.0, 'iowait': 0.0, 'irq': 0.0, 'softirq': 0.0, 'steal': 0.0}"
1769729831.3249385,"{'user': 5.208333333333333, 'system': 4.817708333333333, 'idle': 89.97395833333333, 'nice': 0.0, 'iowait': 0.0, 'irq': 0.0, 'softirq': 0.0, 'steal': 0.0}"
1769729832.3252084,"{'user': 2.3346303501945527, 'system': 1.9455252918287937, 'idle': 95.71984435797665, 'nice': 0.0, 'iowait': 0.0, 'irq': 0.0, 'softirq': 0.0, 'steal': 0.0}"
1769729833.3253222,"{'user': 14.732724902216427, 'system': 2.346805736636245, 'idle': 82.92046936114733, 'nice': 0.0, 'iowait': 0.0, 'irq': 0.0, 'softirq': 0.0, 'steal': 0.0}"
1769729834.3254569,"{'user': 6.25, 'system': 0.78125, 'idle': 92.96875, 'nice': 0.0, 'iowait': 0.0, 'irq': 0.0, 'softirq': 0.0, 'steal': 0.0}"
1769729835.326176,"{'user': 3.125, 'system': 1.3020833333333333, 'idle': 95.57291666666667, 'nice': 0.0, 'iowait': 0.0, 'irq': 0.0, 'softirq': 0.0, 'steal': 0.0}"
1769729836.326389,"{'user': 4.113110539845758, 'system': 2.3136246786632393, 'idle': 93.573264781491, 'nice': 0.0, 'iowait': 0.0, 'irq': 0.0, 'softirq': 0.0, 'steal': 0.0}"
1769729837.327597,"{'user': 2.1080368906455864, 'system': 1.5810276679841897, 'idle': 96.31093544137022, 'nice': 0.0, 'iowait': 0.0, 'irq': 0.0, 'softirq': 0.0, 'steal': 0.0}"
1769729838.3277047,"{'user': 2.2135416666666665, 'system': 1.3020833333333333, 'idle': 96.484375, 'nice': 0.0, 'iowait': 0.0, 'irq': 0.0, 'softirq': 0.0, 'steal': 0.0}"
1769729839.328522,"{'user': 2.831402831402831, 'system': 3.2175032175032174, 'idle': 93.95109395109395, 'nice': 0.0, 'iowait': 0.0, 'irq': 0.0, 'softirq': 0.0, 'steal': 0.0}"
1769729840.3297095,"{'user': 2.6178010471204187, 'system': 1.1780104712041886, 'idle': 96.20418848167539, 'nice': 0.0, 'iowait': 0.0, 'irq': 0.0, 'softirq': 0.0, 'steal': 0.0}"
1769729841.3305168,"{'user': 2.9792746113989637, 'system': 1.5544041450777202, 'idle': 95.46632124352331, 'nice': 0.0, 'iowait': 0.0, 'irq': 0.0, 'softirq': 0.0, 'steal': 0.0}"
1769729842.3312485,"{'user': 2.0833333333333335, 'system': 1.3020833333333333, 'idle': 96.61458333333333, 'nice': 0.0, 'iowait': 0.0, 'irq': 0.0, 'softirq': 0.0, 'steal': 0.0}"
1769729843.33168,"{'user': 4.563233376792699, 'system': 2.0860495436766624, 'idle': 93.35071707953064, 'nice': 0.0, 'iowait': 0.0, 'irq': 0.0, 'softirq': 0.0, 'steal': 0.0}"
1769729844.3320522,"{'user': 2.080624187256177, 'system': 1.3003901170351104, 'idle': 96.61898569570872, 'nice': 0.0, 'iowait': 0.0, 'irq': 0.0, 'softirq': 0.0, 'steal': 0.0}"
1769729845.332464,"{'user': 3.90625, 'system': 1.3020833333333333, 'idle': 94.79166666666667, 'nice': 0.0, 'iowait': 0.0, 'irq': 0.0, 'softirq': 0.0, 'steal': 0.0}"
1769729846.332564,"{'user': 2.6143790849673203, 'system': 1.9607843137254901, 'idle': 95.42483660130719, 'nice': 0.0, 'iowait': 0.0, 'irq': 0.0, 'softirq': 0.0, 'steal': 0.0}"
1769729847.3332078,"{'user': 3.8910505836575875, 'system': 3.8910505836575875, 'idle': 92.21789883268482, 'nice': 0.0, 'iowait': 0.0, 'irq': 0.0, 'softirq': 0.0, 'steal': 0.0}"
1769729848.3333344,"{'user': 8.072916666666666, 'system': 2.6041666666666665, 'idle': 89.32291666666667, 'nice': 0.0, 'iowait': 0.0, 'irq': 0.0, 'softirq': 0.0, 'steal': 0.0}"
1769729849.3334656,"{'user': 1.953125, 'system': 1.4322916666666667, 'idle': 96.61458333333333, 'nice': 0.0, 'iowait': 0.0, 'irq': 0.0, 'softirq': 0.0, 'steal': 0.0}"
1769729850.3336124,"{'user': 3.1372549019607843, 'system': 2.8758169934640523, 'idle': 93.98692810457516, 'nice': 0.0, 'iowait': 0.0, 'irq': 0.0, 'softirq': 0.0, 'steal': 0.0}"
1769729851.3338392,"{'user': 3.761348897535668, 'system': 2.853437094682231, 'idle': 93.3852140077821, 'nice': 0.0, 'iowait': 0.0, 'irq': 0.0, 'softirq': 0.0, 'steal': 0.0}"
1769729852.3345973,"{'user': 3.524804177545692, 'system': 2.2193211488250655, 'idle': 94.25587467362924, 'nice': 0.0, 'iowait': 0.0, 'irq': 0.0, 'softirq': 0.0, 'steal': 0.0}"
1769729853.3350177,"{'user': 2.987012987012987, 'system': 1.6883116883116882, 'idle': 95.32467532467533, 'nice': 0.0, 'iowait': 0.0, 'irq': 0.0, 'softirq': 0.0, 'steal': 0.0}"
1769729854.3352172,"{'user': 2.2135416666666665, 'system': 2.2135416666666665, 'idle': 95.57291666666667, 'nice': 0.0, 'iowait': 0.0, 'irq': 0.0, 'softirq': 0.0, 'steal': 0.0}"
1769729855.3360806,"{'user': 2.8758169934640523, 'system': 1.1764705882352942, 'idle': 95.94771241830065, 'nice': 0.0, 'iowait': 0.0, 'irq': 0.0, 'softirq': 0.0, 'steal': 0.0}"
1769729856.336697,"{'user': 3.372243839169909, 'system': 1.6861219195849546, 'idle': 94.94163424124514, 'nice': 0.0, 'iowait': 0.0, 'irq': 0.0, 'softirq': 0.0, 'steal': 0.0}"
1769729857.337587,"{'user': 4.563233376792699, 'system': 3.5202086049543677, 'idle': 91.91655801825293, 'nice': 0.0, 'iowait': 0.0, 'irq': 0.0, 'softirq': 0.0, 'steal': 0.0}"
1769729858.338579,"{'user': 2.210663198959688, 'system': 2.600780234070221, 'idle': 95.18855656697009, 'nice': 0.0, 'iowait': 0.0, 'irq': 0.0, 'softirq': 0.0, 'steal': 0.0}"
1769729859.339318,"{'user': 7.682291666666667, 'system': 1.5625, 'idle': 90.75520833333333, 'nice': 0.0, 'iowait': 0.0, 'irq': 0.0, 'softirq': 0.0, 'steal': 0.0}"
1769729860.339541,"{'user': 3.515625, 'system': 3.3854166666666665, 'idle': 93.09895833333333, 'nice': 0.0, 'iowait': 0.0, 'irq': 0.0, 'softirq': 0.0, 'steal': 0.0}"
1769729861.3403573,"{'user': 2.734375, 'system': 1.953125, 'idle': 95.3125, 'nice': 0.0, 'iowait': 0.0, 'irq': 0.0, 'softirq': 0.0, 'steal': 0.0}"
1769729862.3404534,"{'user': 1.3020833333333333, 'system': 0.78125, 'idle': 97.91666666666667, 'nice': 0.0, 'iowait': 0.0, 'irq': 0.0, 'softirq': 0.0, 'steal': 0.0}"
1769729863.3414202,"{'user': 1.16580310880829, 'system': 2.33160621761658, 'idle': 96.50259067357513, 'nice': 0.0, 'iowait': 0.0, 'irq': 0.0, 'softirq': 0.0, 'steal': 0.0}"
1769729864.3418636,"{'user': 2.2164276401564535, 'system': 1.694915254237288, 'idle': 96.08865710560626, 'nice': 0.0, 'iowait': 0.0, 'irq': 0.0, 'softirq': 0.0, 'steal': 0.0}"
1769729865.342341,"{'user': 3.515625, 'system': 2.9947916666666665, 'idle': 93.48958333333333, 'nice': 0.0, 'iowait': 0.0, 'irq': 0.0, 'softirq': 0.0, 'steal': 0.0}"
1769729866.3425977,"{'user': 2.842377260981912, 'system': 2.1963824289405687, 'idle': 94.96124031007751, 'nice': 0.0, 'iowait': 0.0, 'irq': 0.0, 'softirq': 0.0, 'steal': 0.0}"
1769729867.3430753,"{'user': 3.11284046692607, 'system': 2.0752269779507135, 'idle': 94.81193255512322, 'nice': 0.0, 'iowait': 0.0, 'irq': 0.0, 'softirq': 0.0, 'steal': 0.0}"
1769729868.3432548,"{'user': 4.823989569752282, 'system': 2.7379400260756195, 'idle': 92.4380704041721, 'nice': 0.0, 'iowait': 0.0, 'irq': 0.0, 'softirq': 0.0, 'steal': 0.0}"
1769729869.3441231,"{'user': 1.5604681404421326, 'system': 1.3003901170351104, 'idle': 97.13914174252275, 'nice': 0.0, 'iowait': 0.0, 'irq': 0.0, 'softirq': 0.0, 'steal': 0.0}"
1769729870.3446293,"{'user': 3.2552083333333335, 'system': 3.90625, 'idle': 92.83854166666667, 'nice': 0.0, 'iowait': 0.0, 'irq': 0.0, 'softirq': 0.0, 'steal': 0.0}"
1769729871.3449874,"{'user': 2.0860495436766624, 'system': 1.955671447196871, 'idle': 95.95827900912647, 'nice': 0.0, 'iowait': 0.0, 'irq': 0.0, 'softirq': 0.0, 'steal': 0.0}"
1769729872.3452835,"{'user': 2.600780234070221, 'system': 2.210663198959688, 'idle': 95.18855656697009, 'nice': 0.0, 'iowait': 0.0, 'irq': 0.0, 'softirq': 0.0, 'steal': 0.0}"
1769729873.345448,"{'user': 1.6949152543690025, 'system': 1.9556714395777088, 'idle': 96.3494133060533, 'nice': 0.0, 'iowait': 0.0, 'irq': 0.0, 'softirq': 0.0, 'steal': 0.0}"
1769729874.3463027,"{'user': 2.340702210663199, 'system': 0.9102730819245773, 'idle': 96.74902470741222, 'nice': 0.0, 'iowait': 0.0, 'irq': 0.0, 'softirq': 0.0, 'steal': 0.0}"
1769729875.346898,"{'user': 2.4739583333333335, 'system': 1.171875, 'idle': 96.35416666666667, 'nice': 0.0, 'iowait': 0.0, 'irq': 0.0, 'softirq': 0.0, 'steal': 0.0}"
1769729876.348048,"{'user': 2.0833333333333335, 'system': 1.8229166666666667, 'idle': 96.09375, 'nice': 0.0, 'iowait': 0.0, 'irq': 0.0, 'softirq': 0.0, 'steal': 0.0}"
1769729877.348726,"{'user': 7.040417209908735, 'system': 0.9126466831296799, 'idle': 92.04693610696158, 'nice': 0.0, 'iowait': 0.0, 'irq': 0.0, 'softirq': 0.0, 'steal': 0.0}"
1769729878.3490484,"{'user': 5.729166666666667, 'system': 3.2552083333333335, 'idle': 91.015625, 'nice': 0.0, 'iowait': 0.0, 'irq': 0.0, 'softirq': 0.0, 'steal': 0.0}"
1769729879.3499238,"{'user': 2.340702210663199, 'system': 1.1703511053315996, 'idle': 96.4889466840052, 'nice': 0.0, 'iowait': 0.0, 'irq': 0.0, 'softirq': 0.0, 'steal': 0.0}"
1769729880.3509974,"{'user': 3.125, 'system': 3.3854166666666665, 'idle': 93.48958333333333, 'nice': 0.0, 'iowait': 0.0, 'irq': 0.0, 'softirq': 0.0, 'steal': 0.0}"
1769729881.351634,"{'user': 2.6041666666666665, 'system': 1.8229166666666667, 'idle': 95.57291666666667, 'nice': 0.0, 'iowait': 0.0, 'irq': 0.0, 'softirq': 0.0, 'steal': 0.0}"
1769729882.3518329,"{'user': 1.955671447196871, 'system': 1.0430247718383312, 'idle': 97.0013037809648, 'nice': 0.0, 'iowait': 0.0, 'irq': 0.0, 'softirq': 0.0, 'steal': 0.0}"
1769729883.3523338,"{'user': 2.730819245773732, 'system': 1.4304291287386215, 'idle': 95.83875162548765, 'nice': 0.0, 'iowait': 0.0, 'irq': 0.0, 'softirq': 0.0, 'steal': 0.0}"
1769729884.3525589,"{'user': 2.9947916666666665, 'system': 1.3020833333333333, 'idle': 95.703125, 'nice': 0.0, 'iowait': 0.0, 'irq': 0.0, 'softirq': 0.0, 'steal': 0.0}"
1769729885.3532054,"{'user': 2.8645833333333335, 'system': 1.171875, 'idle': 95.96354166666667, 'nice': 0.0, 'iowait': 0.0, 'irq': 0.0, 'softirq': 0.0, 'steal': 0.0}"
1769729886.3542645,"{'user': 1.5625, 'system': 1.4322916666666667, 'idle': 97.00520833333333, 'nice': 0.0, 'iowait': 0.0, 'irq': 0.0, 'softirq': 0.0, 'steal': 0.0}"
1769729887.3547535,"{'user': 1.4322916666666667, 'system': 2.0833333333333335, 'idle': 96.484375, 'nice': 0.0, 'iowait': 0.0, 'irq': 0.0, 'softirq': 0.0, 'steal': 0.0}"
1769729888.355586,"{'user': 3.125, 'system': 1.8229166666666667, 'idle': 95.05208333333333, 'nice': 0.0, 'iowait': 0.0, 'irq': 0.0, 'softirq': 0.0, 'steal': 0.0}"
1769729889.3557143,"{'user': 5.338541666666667, 'system': 2.6041666666666665, 'idle': 92.05729166666667, 'nice': 0.0, 'iowait': 0.0, 'irq': 0.0, 'softirq': 0.0, 'steal': 0.0}"
1769729890.3559268,"{'user': 6.119791666666667, 'system': 5.598958333333333, 'idle': 88.28125, 'nice': 0.0, 'iowait': 0.0, 'irq': 0.0, 'softirq': 0.0, 'steal': 0.0}"
